id,email,first_name,last_name,phone
1,john.doe@email.com,John,Doe,555-0101
2,jane.smith@email.com,Jane,Smith,555-0102
3,bob.wilson@email.com,Bob,Wilson,555-0103
4,alice.brown@email.com,Alice,Brown,555-0104
5,charlie.davis@email.com,Charlie,Davis,555-0105
6,diana.miller@email.com,Diana,Miller,555-0106
7,edward.jones@email.com,Edward,Jones,555-0107
8,fiona.garcia@email.com,Fiona,Garcia,555-0108
9,george.rodriguez@email.com,George,Rodriguez,555-0109
10,helen.martinez@email.com,Helen,Martinez,555-0110
11,ivan.hernandez@email.com,Ivan,Hernandez,555-0111
12,julia.lopez@email.com,Julia,Lopez,555-0112
13,kevin.gonzalez@email.com,Kevin,Gonzalez,555-0113
14,laura.perez@email.com,Laura,Perez,555-0114
15,michael.sanchez@email.com,Michael,Sanchez,555-0115